Latitude,Longitude,Altitude,temp,pressure,wind_speed,clouds_all,Wind_Sin,Wind_Cos
52.344517,4.643335,514.169,282.1203,1006.44885,15.563156,97.98287,-0.46519423,-0.81671184
52.35865,4.616511,629.1202,281.9087,1006.7101,15.336441,96.63301,-0.44075453,-0.79505605
52.380974,4.5728173,758.4014,281.70465,1006.924,15.14998,95.43452,-0.42027342,-0.77904266
52.402992,4.5302815,904.9073,281.52005,1007.1192,14.987718,94.35116,-0.40404546,-0.7671531
52.42259,4.495156,1069.966,281.35355,1007.3082,14.841519,93.37151,-0.39142406,-0.7582256
52.43949,4.4684587,1251.7863,281.20044,1007.49646,14.70661,92.48723,-0.38172245,-0.75153273
52.454,4.449468,1447.9855,281.05646,1007.686,14.580024,91.68972,-0.37435263,-0.74661523
52.466568,4.4369044,1656.3331,280.91827,1007.8775,14.459858,90.97043,-0.36885434,-0.7431785
52.47763,4.42944,1875.005,280.78375,1008.071,14.344861,90.32095,-0.3648876,-0.7410277
52.48751,4.4259257,2102.751,280.65164,1008.2664,14.234207,89.732834,-0.36222738,-0.74003
52.496387,4.425719,2339.3018,280.5218,1008.464,14.127238,89.19829,-0.3607502,-0.7400773
52.504375,4.42845,2583.9697,280.3939,1008.6633,14.023218,88.714516,-0.360346,-0.7410711
52.511658,4.433807,2836.7568,280.26767,1008.86487,13.921394,88.27773,-0.36092126,-0.7429025
52.518345,4.4415107,3097.6904,280.14276,1009.06903,13.821104,87.88464,-0.36239415,-0.7454803
52.524548,4.451308,3366.8818,280.01895,1009.2762,13.721749,87.53227,-0.36469334,-0.7487254
52.530357,4.462976,3644.538,279.89594,1009.48676,13.622785,87.217926,-0.3677572,-0.7525686
52.535847,4.4763274,3930.9268,279.7736,1009.70123,13.523708,86.93917,-0.3715325,-0.75694835
52.541084,4.4912095,4226.3994,279.65167,1009.92,13.424048,86.693794,-0.3759737,-0.7618086
52.54612,4.507506,4531.374,279.53015,1010.14343,13.323353,86.47982,-0.3810408,-0.7670972
52.551,4.525126,4846.331,279.40894,1010.37213,13.2211895,86.295494,-0.3866983,-0.7727646
52.555748,4.544007,5171.802,279.288,1010.6065,13.117133,86.139275,-0.3929144,-0.77876234
52.5604,4.564095,5508.3584,279.1673,1010.8469,13.010768,86.00977,-0.3996585,-0.7850419
52.56497,4.585364,5856.624,279.04688,1011.0939,12.901686,85.905815,-0.4069016,-0.79155344
52.569466,4.6077952,6217.253,278.9268,1011.34784,12.7894745,85.82634,-0.41461492,-0.79824436
52.5739,4.631389,6590.915,278.80713,1011.60913,12.673731,85.77046,-0.4227687,-0.8050589
52.578266,4.6561503,6978.325,278.68796,1011.8783,12.554049,85.73743,-0.43133157,-0.81193626
52.58256,4.6821027,7380.1885,278.56946,1012.1555,12.430026,85.72659,-0.44027042,-0.81880933
52.586773,4.70927,7797.2197,278.45178,1012.4413,12.301267,85.73745,-0.4495477,-0.8256042
52.590885,4.7376924,8230.118,278.33508,1012.7357,12.167379,85.76957,-0.4591226,-0.8322388
52.594875,4.7674165,8679.558,278.21964,1013.03906,12.027983,85.82259,-0.46894896,-0.8386212
52.598717,4.798495,9146.159,278.10565,1013.35144,11.882718,85.896225,-0.47897494,-0.8446502
52.602383,4.8309875,9630.478,277.99338,1013.6727,11.731252,85.99018,-0.48914254,-0.85021335
52.60583,4.864965,10132.976,277.8831,1014.0028,11.573285,86.10422,-0.49938697,-0.85518754
52.609024,4.900496,10653.995,277.77502,1014.3415,11.40857,86.23801,-0.5096372,-0.859439
52.611927,4.9376626,11193.724,277.66943,1014.68823,11.236922,86.391174,-0.51981527,-0.86282414
52.614487,4.9765515,11752.185,277.56662,1015.04236,11.058238,86.563225,-0.52983916,-0.8651913
52.616665,5.017245,12329.177,277.46667,1015.40314,10.872515,86.7535,-0.53962165,-0.866383
52.618416,5.059834,12924.263,277.36984,1015.7695,10.679874,86.96116,-0.54907507,-0.86623985
52.619705,5.104405,13536.743,277.27612,1016.14014,10.480578,87.185104,-0.5581129,-0.86460507
52.620495,5.151049,14165.625,277.18558,1016.5137,10.275053,87.42395,-0.5666538,-0.8613296
52.620766,5.199838,14809.611,277.09805,1016.8886,10.063908,87.67604,-0.5746261,-0.85627925
52.620502,5.2508426,15467.1045,277.0134,1017.2632,9.847944,87.93943,-0.5819718,-0.8493413
52.619705,5.3041186,16136.2,276.93127,1017.6355,9.628163,88.21186,-0.5886513,-0.84043175
52.61839,5.359699,16814.719,276.85135,1018.0037,9.405758,88.490875,-0.59464705,-0.8295017
52.61659,5.4175982,17500.232,276.77313,1018.3661,9.182093,88.773796,-0.59996575,-0.8165428
52.61434,5.4778056,18190.113,276.69614,1018.7207,8.958669,89.0579,-0.6046383,-0.80159026
52.611706,5.54028,18881.602,276.61978,1019.066,8.73707,89.34043,-0.60871935,-0.7847233
52.608753,5.6049476,19571.848,276.54358,1019.40045,8.518905,89.61879,-0.6122825,-0.7660628
52.605553,5.6717095,20258.004,276.467,1019.72284,8.305721,89.89056,-0.61541444,-0.74576527
52.602165,5.740438,20937.27,276.3897,1020.0322,8.098946,90.15363,-0.6182085,-0.7240145
52.59865,5.8109765,21606.973,276.3113,1020.3278,7.8998027,90.40628,-0.6207565,-0.70101094
52.595062,5.883147,22264.605,276.23163,1020.60925,7.7092624,90.647125,-0.6231424,-0.67696005
52.591423,5.956759,22907.877,276.1505,1020.8763,7.528008,90.87518,-0.62543666,-0.65206176
52.587734,6.0316052,23534.74,276.0679,1021.12897,7.3564205,91.089836,-0.6276939,-0.6265001
52.583996,6.107475,24143.408,275.9839,1021.3676,7.194594,91.29074,-0.6299515,-0.6004366
52.580177,6.184159,24732.363,275.89853,1021.59265,7.0423665,91.477806,-0.6322311,-0.5740055
52.57624,6.2614512,25300.36,275.81195,1021.80475,6.8993716,91.65115,-0.6345409,-0.5473125
52.57214,6.3391604,25846.414,275.7243,1022.0045,6.7650895,91.81103,-0.63687897,-0.52043575
52.567837,6.4171033,26369.785,275.6358,1022.1928,6.6389055,91.95775,-0.6392366,-0.49342886
52.563282,6.4951224,26869.973,275.54654,1022.3705,6.52016,92.091736,-0.6416018,-0.46632522
52.55844,6.573072,27346.688,275.4567,1022.5383,6.4081883,92.213394,-0.6439613,-0.43914253
52.55329,6.650825,27799.826,275.36642,1022.6972,6.3023505,92.32315,-0.64630175,-0.41188747
52.547817,6.728276,28229.475,275.2759,1022.84784,6.202052,92.421425,-0.6486114,-0.38455978
52.542015,6.805327,28635.857,275.18524,1022.9911,6.1067524,92.508575,-0.6508797,-0.3571559
52.535892,6.8819013,29019.344,275.09457,1023.12756,6.0159655,92.58494,-0.6530976,-0.32967097
52.52947,6.957931,29380.414,275.00406,1023.258,5.9292593,92.650764,-0.6552576,-0.30210075
52.52277,7.033356,29719.656,274.91382,1023.383,5.846249,92.706245,-0.65735304,-0.27444258
52.51583,7.108126,30037.736,274.82397,1023.5031,5.7665935,92.751495,-0.6593787,-0.24669588
52.508694,7.182201,30335.389,274.73465,1023.61884,5.6899886,92.78655,-0.66132915,-0.21886231
52.501396,7.255546,30613.404,274.64597,1023.7306,5.616161,92.81137,-0.6632001,-0.19094583
52.493996,7.328135,30872.62,274.55804,1023.83887,5.544869,92.82587,-0.66498727,-0.16295251
52.486534,7.3999496,31113.896,274.471,1023.944,5.475895,92.82987,-0.6666871,-0.13489039
52.47906,7.4709783,31338.115,274.38495,1024.0461,5.409047,92.82316,-0.66829544,-0.1067698
52.47163,7.541219,31546.17,274.29996,1024.1459,5.344157,92.80547,-0.66980916,-0.07860273
52.464283,7.6106744,31738.95,274.2162,1024.2432,5.2810774,92.7765,-0.67122483,-0.050403215
52.457066,7.679358,31917.344,274.13376,1024.3384,5.2196803,92.73591,-0.67253894,-0.022187015
52.450024,7.7472863,32082.22,274.05273,1024.4318,5.1598573,92.68335,-0.673748,0.0060282983
52.443188,7.814482,32234.441,273.97324,1024.5232,5.101516,92.61847,-0.67484856,0.034223344
52.436596,7.880978,32374.838,273.89542,1024.6129,5.04458,92.54088,-0.67583686,0.062377337
52.430275,7.9468055,32504.22,273.8193,1024.7012,4.988988,92.45022,-0.6767091,0.09046769
52.424248,8.012005,32623.367,273.7451,1024.7877,4.9346905,92.34614,-0.6774614,0.1184704
52.418533,8.076618,32733.031,273.67282,1024.8728,4.88165,92.228294,-0.67808986,0.14636028
52.41315,8.14069,32833.934,273.6026,1024.9564,4.8298397,92.09639,-0.67859024,0.17411079
52.4081,8.204266,32926.754,273.53455,1025.0386,4.7792416,91.95015,-0.67895854,0.20169416
52.403393,8.267395,33012.16,273.46872,1025.1191,4.729847,91.78934,-0.6791909,0.22908202
52.399025,8.330127,33090.76,273.4052,1025.1982,4.681654,91.613785,-0.67928314,0.25624487
52.394993,8.39251,33163.152,273.34415,1025.2756,4.634666,91.423355,-0.6792318,0.28315285
52.391285,8.454594,33229.89,273.28552,1025.3514,4.5888925,91.21797,-0.6790333,0.30977568
52.38789,8.516427,33291.5,273.22946,1025.4254,4.5443463,90.99765,-0.6786846,0.3360828
52.384785,8.578055,33348.47,273.17596,1025.4977,4.501044,90.76244,-0.67818314,0.36204374
52.38195,8.639523,33401.26,273.12512,1025.5681,4.4590025,90.5125,-0.6775269,0.3876285
52.379364,8.700871,33450.312,273.0769,1025.6365,4.4182415,90.248024,-0.6767142,0.41280726
52.377,8.762143,33496.023,273.0314,1025.7029,4.37878,89.9693,-0.6757439,0.43755126
52.37482,8.823373,33538.77,272.9886,1025.7671,4.3406367,89.676704,-0.6746161,0.4618326
52.372795,8.884596,33578.902,272.94846,1025.8291,4.303828,89.37065,-0.67333096,0.48562482
52.370895,8.945839,33616.742,272.91104,1025.8888,4.2683673,89.05167,-0.6718898,0.5089026
52.369076,9.007134,33652.582,272.87628,1025.946,4.2342668,88.72032,-0.6702947,0.5316426
52.367306,9.068501,33686.703,272.84415,1026.0009,4.201534,88.377266,-0.6685484,0.55382335
52.365547,9.129961,33719.35,272.8146,1026.0532,4.1701717,88.02319,-0.6666543,0.5754251
52.363758,9.191529,33750.76,272.78763,1026.1028,4.1401806,87.65885,-0.66461664,0.5964305
52.361904,9.253219,33781.133,272.76315,1026.1498,4.111555,87.285065,-0.6624403,0.6168245
52.359943,9.31504,33810.664,272.74112,1026.1941,4.0842843,86.902664,-0.6601311,0.6365944
52.35784,9.376997,33839.52,272.72144,1026.2355,4.0583544,86.512535,-0.6576952,0.6557297
52.355564,9.439096,33867.855,272.70407,1026.2742,4.033746,86.115585,-0.6551391,0.6742227
52.35307,9.501333,33895.805,272.68887,1026.3099,4.010434,85.71272,-0.65247,0.69206804
52.35033,9.563709,33923.49,272.6758,1026.3429,3.9883919,85.30491,-0.6496955,0.70926255
52.34731,9.626217,33951.01,272.66483,1026.3729,3.967586,84.89307,-0.6468234,0.7258057
52.343983,9.688848,33978.46,272.65576,1026.4,3.9479806,84.47812,-0.6438618,0.74169916
52.34032,9.751595,34005.92,272.64856,1026.4243,3.929536,84.061005,-0.64081883,0.75694656
52.336296,9.8144455,34033.457,272.6431,1026.4458,3.9122105,83.64262,-0.6377028,0.7715538
52.331886,9.877386,34061.117,272.63934,1026.4644,3.8959596,83.22385,-0.63452166,0.7855286
52.327072,9.940404,34088.957,272.63718,1026.4801,3.8807364,82.805534,-0.6312837,0.79888046
52.321835,10.00348,34117.004,272.63647,1026.493,3.8664927,82.388504,-0.62799686,0.81162035
52.31616,10.066602,34145.29,272.6372,1026.5033,3.8531795,81.97353,-0.62466866,0.82376105
52.310028,10.129747,34173.83,272.63925,1026.5109,3.8407469,81.56136,-0.62130666,0.8353162
52.303436,10.192902,34202.633,272.64252,1026.5157,3.829145,81.15268,-0.6179179,0.84630054
52.296375,10.256045,34231.71,272.64694,1026.5181,3.8183236,80.748116,-0.6145091,0.8567301
52.288837,10.3191595,34261.062,272.65244,1026.5178,3.808233,80.34829,-0.6110866,0.8666214
52.28082,10.382226,34290.67,272.6589,1026.5151,3.7988255,79.95373,-0.6076562,0.8759916
52.272316,10.445223,34320.54,272.66632,1026.5101,3.790053,79.56495,-0.6042234,0.88485837
52.263332,10.508135,34350.645,272.67456,1026.5027,3.7818694,79.18239,-0.600793,0.8932398
52.25387,10.570942,34380.97,272.68362,1026.4932,3.7742298,78.80645,-0.5973697,0.901154
52.243927,10.633623,34411.492,272.69336,1026.4813,3.7670906,78.437485,-0.59395754,0.9086194
52.23352,10.696163,34442.195,272.70377,1026.4674,3.7604105,78.07579,-0.59056,0.9156543
52.22265,10.758546,34473.047,272.71478,1026.4515,3.75415,77.72164,-0.58718055,0.9222768
52.211323,10.820751,34504.03,272.72635,1026.4337,3.748271,77.375244,-0.5838218,0.92850494
52.19955,10.882763,34535.11,272.73837,1026.414,3.742738,77.03678,-0.580486,0.9343566
52.187347,10.944565,34566.258,272.75085,1026.3925,3.7375169,76.70639,-0.5771752,0.9398489
52.174725,11.006145,34597.45,272.76373,1026.3693,3.732576,76.384155,-0.5738908,0.9449989
52.16169,11.067484,34628.652,272.77698,1026.3445,3.7278845,76.07017,-0.5706343,0.94982344
52.148262,11.128571,34659.844,272.79053,1026.3181,3.7234147,75.76445,-0.5674066,0.9543382
52.13445,11.189392,34690.99,272.80432,1026.2903,3.719139,75.46701,-0.56420815,0.95855904
52.12027,11.249933,34722.066,272.8184,1026.261,3.7150342,75.177826,-0.5610395,0.96250063
52.105736,11.310185,34753.047,272.8326,1026.2303,3.7110765,74.896866,-0.5579008,0.9661776
52.090862,11.370133,34783.906,272.84702,1026.1985,3.7072444,74.62405,-0.5547917,0.969604
52.07567,11.4297695,34814.62,272.86157,1026.1654,3.7035184,74.3593,-0.55171216,0.97279304
52.06017,11.489084,34845.164,272.87622,1026.1312,3.6998796,74.10251,-0.5486614,0.9757573
52.044373,11.548066,34875.516,272.89093,1026.096,3.6963112,73.85356,-0.54563904,0.9785091
52.028297,11.606709,34905.66,272.9057,1026.0597,3.6927972,73.61232,-0.54264414,0.9810601
52.01196,11.665003,34935.574,272.9205,1026.0225,3.689323,73.37865,-0.5396756,0.983421
51.995377,11.72294,34965.24,272.93527,1025.9844,3.685875,73.15238,-0.5367327,0.9856028
51.978558,11.780517,34994.633,272.95007,1025.9454,3.6824408,72.93337,-0.53381425,0.9876149
51.961517,11.837725,35023.754,272.96478,1025.9056,3.679009,72.72143,-0.5309191,0.9894671
51.944275,11.894559,35052.582,272.97946,1025.8651,3.675569,72.51639,-0.5280459,0.9911681
51.926838,11.951015,35081.105,272.99405,1025.824,3.6721113,72.31807,-0.52519345,0.99272615
51.90922,12.007088,35109.316,273.00854,1025.7822,3.668627,72.12629,-0.5223604,0.9941494
51.89144,12.062774,35137.2,273.02295,1025.7399,3.6651075,71.94086,-0.5195454,0.9954452
51.87351,12.11807,35164.75,273.0372,1025.6969,3.6615453,71.76159,-0.5167471,0.9966205
51.855434,12.172973,35191.965,273.0513,1025.6534,3.6579335,71.58829,-0.5139641,0.9976818
51.837227,12.22748,35218.832,273.06525,1025.6096,3.6542656,71.42078,-0.5111949,0.99863535
51.818905,12.28159,35245.35,273.07904,1025.5652,3.650536,71.25887,-0.50843817,0.9994872
51.800472,12.3353,35271.52,273.09262,1025.5205,3.6467392,71.10237,-0.5056925,1.0002425
51.781944,12.388612,35297.332,273.10602,1025.4755,3.6428697,70.9511,-0.5029567,1.0009062
51.76333,12.44152,35322.785,273.1192,1025.43,3.6389236,70.80488,-0.50022924,1.0014833
51.744637,12.494029,35347.887,273.13217,1025.3843,3.6348958,70.66353,-0.49750876,1.001978
51.725872,12.546135,35372.63,273.14493,1025.3384,3.630783,70.52686,-0.49479395,1.0023946
51.70705,12.597841,35397.016,273.15744,1025.2922,3.6265817,70.39473,-0.49208343,1.0027364
51.68817,12.649146,35421.047,273.16968,1025.2457,3.622288,70.26694,-0.48937613,1.0030075
51.66925,12.700051,35444.73,273.18167,1025.1992,3.617899,70.14333,-0.4866708,1.003211
51.65029,12.750558,35468.062,273.19342,1025.1525,3.6134117,70.02376,-0.48396575,1.0033499
51.6313,12.800668,35491.047,273.2049,1025.1056,3.608823,69.90805,-0.48126024,1.003427
51.61229,12.850381,35513.695,273.21606,1025.0586,3.6041305,69.79606,-0.47855294,1.003445
51.593258,12.899701,35536.004,273.22696,1025.0115,3.5993323,69.68763,-0.4758426,1.0034062
51.574215,12.948629,35557.98,273.23755,1024.9644,3.594426,69.58263,-0.47312814,1.0033128
51.555164,12.99717,35579.63,273.24786,1024.9171,3.5894086,69.4809,-0.47040832,1.0031669
51.53611,13.045325,35600.96,273.25784,1024.8699,3.5842788,69.38233,-0.4676823,1.0029703
51.51706,13.093096,35621.973,273.26752,1024.8226,3.5790346,69.28678,-0.46494895,1.0027248
51.498016,13.140487,35642.676,273.2769,1024.7753,3.5736732,69.194115,-0.46220708,1.0024319
51.47898,13.187499,35663.08,273.28592,1024.728,3.5681937,69.10422,-0.45945567,1.0020928
51.459965,13.234138,35683.184,273.29462,1024.6808,3.5625942,69.01696,-0.456694,1.001709
51.440964,13.280405,35703.0,273.30298,1024.6335,3.5568728,68.93224,-0.45392072,1.0012815
51.421986,13.326306,35722.53,273.311,1024.5864,3.551028,68.849945,-0.4511351,1.0008115
51.40303,13.371843,35741.785,273.3187,1024.5393,3.5450583,68.769966,-0.44833612,1.0002997
51.3841,13.417022,35760.773,273.32602,1024.4923,3.5389614,68.6922,-0.44552296,0.9997472
51.365204,13.461843,35779.496,273.33298,1024.4453,3.532736,68.61655,-0.44269466,0.9991546
51.346336,13.506313,35797.965,273.3396,1024.3984,3.526381,68.542915,-0.4398502,0.99852246
51.3275,13.550436,35816.188,273.34583,1024.3517,3.5198941,68.471214,-0.43698883,0.9978513
51.3087,13.594217,35834.164,273.3517,1024.305,3.5132744,68.401344,-0.4341095,0.99714166
51.289936,13.637658,35851.914,273.3572,1024.2585,3.5065198,68.33323,-0.43121153,0.996394
51.27121,13.680766,35869.434,273.36234,1024.2122,3.4996288,68.26679,-0.42829394,0.9956086
51.252518,13.723544,35886.734,273.36707,1024.1658,3.4925997,68.20194,-0.4253561,0.99478585
51.233868,13.765997,35903.82,273.3714,1024.1196,3.4854314,68.13862,-0.4223969,0.99392575
51.215256,13.808131,35920.707,273.37537,1024.0737,3.4781218,68.07673,-0.41941553,0.99302846
51.196682,13.849948,35937.39,273.37894,1024.0278,3.4706695,68.01623,-0.41641128,0.9920942
51.178146,13.891456,35953.887,273.38208,1023.9821,3.463073,67.95703,-0.4133833,0.9911228
51.159657,13.932658,35970.2,273.38486,1023.9366,3.4553301,67.89908,-0.41033083,0.9901143
51.1412,13.973559,35986.336,273.3872,1023.8912,3.4474394,67.8423,-0.40725303,0.9890687
51.122787,14.014166,36002.3,273.38913,1023.84595,3.4393995,67.78664,-0.404149,0.9879859
51.10441,14.054483,36018.105,273.39066,1023.8009,3.4312077,67.73203,-0.40101796,0.9868657
51.08607,14.094516,36033.754,273.39175,1023.756,3.422863,67.678444,-0.39785922,0.98570794
51.06777,14.134269,36049.258,273.39243,1023.71124,3.4143634,67.6258,-0.39467186,0.9845124
51.049503,14.173749,36064.617,273.39267,1023.6667,3.4057071,67.57407,-0.39145517,0.98327893
51.031273,14.21296,36079.84,273.39246,1023.6223,3.396892,67.523186,-0.38820815,0.98200697
51.013077,14.251908,36094.938,273.39185,1023.5781,3.3879163,67.47311,-0.38493007,0.9806964
50.994915,14.290599,36109.914,273.39078,1023.53406,3.3787782,67.42379,-0.3816201,0.97934693
50.97678,14.329039,36124.777,273.38925,1023.49023,3.3694754,67.37518,-0.37827766,0.977958
50.958675,14.367232,36139.535,273.38727,1023.44653,3.360006,67.32725,-0.37490165,0.9765294
50.940598,14.405187,36154.188,273.38486,1023.403,3.3503683,67.27993,-0.3714913,0.9750605
50.922543,14.442906,36168.754,273.382,1023.3597,3.3405602,67.233215,-0.368046,0.97355086
50.904514,14.480399,36183.227,273.37863,1023.3165,3.330579,67.18704,-0.36456466,0.9720002
50.886505,14.51767,36197.625,273.37482,1023.2735,3.3204236,67.14139,-0.36104655,0.970408
50.868515,14.554724,36211.953,273.37054,1023.23065,3.3100908,67.096214,-0.35749108,0.9687738
50.85054,14.591569,36226.215,273.36578,1023.188,3.2995794,67.05148,-0.3538972,0.9670969
50.832577,14.628211,36240.414,273.36057,1023.1455,3.2888865,67.00716,-0.35026407,0.9653769
50.814625,14.664657,36254.562,273.35486,1023.10315,3.2780106,66.96321,-0.34659094,0.9636132
50.79668,14.7009115,36268.67,273.34866,1023.0609,3.2669492,66.9196,-0.34287697,0.9618053
50.77874,14.736983,36282.74,273.34195,1023.01886,3.2557003,66.876305,-0.33912152,0.9599525
50.7608,14.772879,36296.777,273.33478,1022.977,3.2442615,66.8333,-0.33532375,0.95805436
50.74286,14.808603,36310.793,273.32712,1022.93524,3.232631,66.790535,-0.33148265,0.9561103
50.72491,14.844167,36324.793,273.31894,1022.89355,3.2208064,66.748,-0.3275975,0.95411956
50.70695,14.879573,36338.78,273.31024,1022.8521,3.2087853,66.70566,-0.32366776,0.95208174
50.68898,14.914831,36352.773,273.30106,1022.8107,3.1965659,66.66348,-0.31969237,0.9499962
50.67099,14.949947,36366.773,273.29138,1022.7694,3.1841464,66.62145,-0.3156705,0.94786215
50.652977,14.984931,36380.785,273.2812,1022.7283,3.171524,66.57953,-0.3116017,0.9456791
50.63494,15.019787,36394.82,273.27048,1022.6872,3.1586976,66.5377,-0.30748528,0.94344646
50.616875,15.054524,36408.887,273.25925,1022.64624,3.1456652,66.495926,-0.30332035,0.94116384
50.598774,15.089151,36422.99,273.2475,1022.60535,3.1324244,66.4542,-0.29910642,0.9388303
50.58063,15.123675,36437.14,273.23523,1022.5646,3.1189733,66.41248,-0.29484236,0.9364456
50.562443,15.158105,36451.344,273.22244,1022.5238,3.1053107,66.37075,-0.29052794,0.934009
50.54421,15.192448,36465.613,273.20914,1022.4831,3.091435,66.32899,-0.28616256,0.9315199
50.525917,15.226714,36479.953,273.19528,1022.44244,3.0773444,66.287155,-0.2817455,0.9289781
50.507565,15.260911,36494.37,273.18094,1022.40186,3.0630379,66.24524,-0.27727634,0.92638284
50.489147,15.295049,36508.88,273.16608,1022.3612,3.048514,66.203224,-0.27275455,0.9237335
50.470657,15.329133,36523.49,273.15067,1022.3206,3.0337715,66.16108,-0.26817966,0.92103
50.45209,15.363176,36538.2,273.13477,1022.28,3.01881,66.11878,-0.2635514,0.91827166
50.43344,15.397185,36553.027,273.11835,1022.2394,3.0036283,66.0763,-0.2588694,0.9154581
50.414703,15.431173,36567.98,273.10138,1022.1987,2.988226,66.03363,-0.25413322,0.91258913
50.395866,15.465147,36583.07,273.08392,1022.158,2.9726024,65.99074,-0.24934296,0.90966445
50.376926,15.499118,36598.305,273.06595,1022.1172,2.9567575,65.9476,-0.24449812,0.90668374
50.35788,15.533095,36613.69,273.0475,1022.07635,2.9406917,65.9042,-0.23959886,0.9036469
50.338715,15.56709,36629.242,273.0285,1022.03534,2.9244058,65.860504,-0.2346452,0.9005537
50.319424,15.601112,36644.965,273.00903,1021.99426,2.9078994,65.816505,-0.22963701,0.89740384
50.300007,15.635173,36660.875,272.98907,1021.953,2.8911736,65.77218,-0.22457479,0.89419764
50.28045,15.669284,36676.973,272.96866,1021.9116,2.8742301,65.727486,-0.21945886,0.8909349
50.260746,15.703455,36693.277,272.94772,1021.87006,2.8570704,65.682434,-0.21428941,0.8876159
50.24089,15.737698,36709.797,272.92636,1021.8283,2.839696,65.636986,-0.20906703,0.8842408
50.22087,15.772025,36726.535,272.9045,1021.7863,2.8221092,65.59112,-0.2037922,0.88080996
50.200684,15.806449,36743.51,272.88223,1021.7441,2.8043132,65.544815,-0.19846581,0.8773237
50.180317,15.84098,36760.734,272.85953,1021.7016,2.7863107,65.498055,-0.19308881,0.8737825
50.159767,15.87563,36778.207,272.83643,1021.6588,2.768105,65.45082,-0.18766199,0.8701868
50.13902,15.910415,36795.945,272.81287,1021.61566,2.7497005,65.40308,-0.18218656,0.8665375
50.11807,15.945343,36813.957,272.78894,1021.57227,2.7311013,65.35484,-0.17666398,0.8628352
50.09691,15.980431,36832.254,272.76465,1021.52844,2.712312,65.30606,-0.17109556,0.85908073
50.075527,16.01569,36850.848,272.74,1021.48425,2.6933382,65.25673,-0.16548277,0.85527515
50.053917,16.051134,36869.746,272.715,1021.43964,2.674185,65.20682,-0.1598274,0.8514197
50.032066,16.086777,36888.957,272.68967,1021.3946,2.654859,65.156334,-0.15413143,0.8475156
50.00997,16.122631,36908.492,272.66406,1021.34906,2.635367,65.10525,-0.14839698,0.84356385
49.987617,16.158712,36928.363,272.63815,1021.30304,2.615716,65.053535,-0.14262609,0.8395661
49.964996,16.195032,36948.57,272.61203,1021.2565,2.5959134,65.0012,-0.13682126,0.8355239
49.9421,16.231607,36969.13,272.58563,1021.20935,2.5759683,64.94822,-0.13098498,0.83143896
49.918922,16.268452,36990.043,272.55905,1021.1616,2.5558884,64.894585,-0.12512003,0.82731307
49.89545,16.305578,37011.33,272.53226,1021.11334,2.5356832,64.84029,-0.11922933,0.8231482
49.871674,16.343002,37032.99,272.50534,1021.06433,2.5153625,64.78531,-0.1133156,0.81894624
49.847588,16.380741,37055.023,272.4783,1021.01465,2.494936,64.72965,-0.1073824,0.81470954
49.823177,16.418804,37077.453,272.45117,1020.9643,2.4744148,64.6733,-0.101432875,0.81044036
49.79844,16.45721,37100.273,272.42395,1020.9132,2.453809,64.616264,-0.09547065,0.80614084
49.77336,16.495975,37123.496,272.39673,1020.8613,2.4331303,64.55853,-0.0894994,0.8018138
49.747936,16.53511,37147.12,272.36948,1020.8086,2.4123902,64.50011,-0.0835226,0.79746157
49.722157,16.574633,37171.156,272.3423,1020.75507,2.3916013,64.44099,-0.07754432,0.7930868
49.69601,16.614557,37195.605,272.31516,1020.7007,2.3707755,64.38118,-0.07156856,0.78869224
49.669487,16.6549,37220.473,272.28812,1020.6454,2.3499253,64.320694,-0.06559931,0.78428054
49.642586,16.695675,37245.758,272.2612,1020.5892,2.3290634,64.25954,-0.05964084,0.77985466
49.61529,16.736895,37271.465,272.2345,1020.532,2.308203,64.19771,-0.053697392,0.7754175
49.5876,16.778578,37297.598,272.20798,1020.4738,2.2873569,64.13524,-0.047773078,0.77097183
49.559505,16.820736,37324.152,272.1817,1020.4147,2.2665384,64.07214,-0.041872427,0.7665207
49.531,16.863384,37351.133,272.1557,1020.35443,2.2457612,64.00843,-0.03599967,0.76206684
49.502068,16.90654,37378.54,272.13004,1020.29315,2.2250373,63.944122,-0.03015925,0.7576133
49.47271,16.950212,37406.37,272.10474,1020.2308,2.2043805,63.87925,-0.024355397,0.75316304
49.44292,16.994417,37434.625,272.07983,1020.16724,2.1838036,63.813847,-0.018592551,0.7487189
49.41269,17.03917,37463.297,272.05536,1020.1026,2.163319,63.747936,-0.012874976,0.7442836
49.38201,17.084482,37492.387,272.03134,1020.0368,2.1429403,63.68155,-0.0072066933,0.7398597
49.350883,17.130365,37521.895,272.00784,1019.96985,2.1226783,63.614723,-0.0015919358,0.7354501
49.319298,17.176836,37551.812,271.98486,1019.9016,2.1025455,63.54751,0.0039652437,0.73105735
49.28725,17.223902,37582.137,271.9625,1019.8322,2.0825531,63.47993,0.00946106,0.72668386
49.254738,17.271578,37612.867,271.94073,1019.76154,2.0627124,63.412045,0.014891729,0.72233206
49.221752,17.319874,37643.99,271.91962,1019.68964,2.0430338,63.343895,0.020253673,0.71800405
49.18829,17.368801,37675.504,271.8992,1019.6164,2.0235274,63.27554,0.025543347,0.71370214
49.154346,17.41837,37707.41,271.8795,1019.54193,2.004202,63.207024,0.03075777,0.70942813
49.119923,17.46859,37739.69,271.8605,1019.4662,1.9850668,63.13841,0.035893843,0.7051838
49.085014,17.51947,37772.348,271.84235,1019.3891,1.9661301,63.069744,0.040948495,0.70097077
49.049618,17.571018,37805.375,271.82498,1019.31067,1.9473997,63.0011,0.045919433,0.69679064
49.01373,17.623245,37838.76,271.80844,1019.23096,1.9288825,62.93253,0.050804153,0.69264466
48.97735,17.676155,37872.5,271.7928,1019.14996,1.9105839,62.864105,0.05560042,0.68853384
48.94047,17.729755,37906.59,271.77805,1019.0676,1.89251,62.79589,0.060306504,0.68445945
48.903103,17.78405,37941.02,271.76422,1018.98395,1.8746654,62.727955,0.06492053,0.6804219
48.86524,17.839046,37975.78,271.75137,1018.899,1.8570544,62.66036,0.069441274,0.6764219
48.826878,17.894747,38010.87,271.73947,1018.8127,1.8396801,62.59319,0.073867396,0.67245996
48.788017,17.951157,38046.277,271.72858,1018.7251,1.8225456,62.52651,0.07819809,0.66853625
48.748665,18.008274,38081.996,271.7187,1018.6362,1.8056527,62.460392,0.08243273,0.6646509
48.708817,18.066105,38118.02,271.70987,1018.5461,1.789003,62.394913,0.086570755,0.6608039
48.668472,18.124647,38154.34,271.70212,1018.45465,1.7725974,62.330147,0.09061207,0.656995
48.62764,18.183899,38190.953,271.6954,1018.36194,1.7564362,62.266167,0.094556645,0.653224
48.586315,18.24386,38227.848,271.68982,1018.268,1.7405185,62.20306,0.09840484,0.64949
48.544502,18.304525,38265.02,271.68536,1018.17285,1.7248436,62.140892,0.10215695,0.6457926
48.502205,18.365896,38302.46,271.682,1018.07654,1.7094103,62.07974,0.10581376,0.64213103
48.459427,18.427961,38340.16,271.6798,1017.979,1.6942166,62.019688,0.10937615,0.63850445
48.41617,18.490719,38378.117,271.67877,1017.8804,1.6792599,61.960808,0.11284526,0.6349118
48.37244,18.554161,38416.316,271.6789,1017.78064,1.664538,61.903175,0.11622216,0.6313521
48.328243,18.618277,38454.758,271.6802,1017.6798,1.6500474,61.846867,0.11950834,0.62782425
48.283585,18.683056,38493.43,271.68268,1017.5779,1.6357845,61.79196,0.122705385,0.62432706
48.23847,18.74849,38532.324,271.68637,1017.475,1.6217464,61.73854,0.12581487,0.6208593
48.1929,18.814566,38571.434,271.69125,1017.3711,1.6079284,61.68666,0.12883894,0.61741966
48.14689,18.881268,38610.75,271.69736,1017.2663,1.5943266,61.636417,0.13177933,0.61400676
48.100445,18.948584,38650.266,271.70468,1017.1606,1.5809368,61.58787,0.13463809,0.61061925
48.05357,19.016495,38689.965,271.7132,1017.054,1.5677539,61.541103,0.13741745,0.60725605
48.006275,19.084986,38729.844,271.72296,1016.9467,1.5547744,61.496178,0.1401196,0.6039157
47.958572,19.154034,38769.887,271.73395,1016.83856,1.541993,61.45317,0.14274691,0.6005967
47.910473,19.223623,38810.09,271.74615,1016.72974,1.5294064,61.41216,0.14530174,0.59729785
47.861984,19.293728,38850.434,271.75958,1016.6203,1.5170087,61.3732,0.14778657,0.5940179
47.813114,19.364328,38890.914,271.77423,1016.51025,1.504795,61.33637,0.15020384,0.5907557
47.76388,19.435398,38931.516,271.7901,1016.3996,1.4927617,61.301727,0.15255593,0.58751
47.7143,19.506914,38972.22,271.8072,1016.2885,1.4809045,61.26935,0.15484552,0.58427966
47.664375,19.578846,39013.02,271.8255,1016.177,1.4692189,61.239292,0.157075,0.58106375
47.614124,19.651169,39053.9,271.845,1016.0651,1.4577006,61.211628,0.15924709,0.5778612
47.563564,19.723852,39094.84,271.86572,1015.95294,1.4463454,61.186417,0.1613641,0.574671
47.51271,19.796864,39135.824,271.88763,1015.8406,1.4351505,61.163727,0.16342865,0.5714924
47.46158,19.870174,39176.836,271.91074,1015.72797,1.4241117,61.14361,0.1654432,0.56832474
47.410183,19.943752,39217.863,271.935,1015.6153,1.4132255,61.126125,0.16741018,0.5651672
47.358547,20.017565,39258.88,271.96045,1015.50256,1.4024888,61.111332,0.16933207,0.5620194
47.30668,20.091572,39299.87,271.98703,1015.38983,1.3918983,61.099293,0.17121138,0.55888087
47.25461,20.165743,39340.812,272.01477,1015.2773,1.381452,61.09006,0.17305021,0.5557512
47.202343,20.240042,39381.69,272.04364,1015.16486,1.3711473,61.083683,0.1748508,0.5526301
47.149914,20.31443,39422.477,272.07364,1015.0527,1.3609818,61.08022,0.17661549,0.5495173
47.097336,20.388872,39463.15,272.1047,1014.9408,1.3509539,61.07972,0.17834647,0.5464128
47.044632,20.463327,39503.688,272.13687,1014.8293,1.3410615,61.082233,0.18004571,0.5433167
46.99182,20.53776,39544.066,272.1701,1014.71826,1.331303,61.08781,0.18171524,0.540229
46.938923,20.612133,39584.266,272.20438,1014.6078,1.3216773,61.096504,0.18335722,0.53715
46.885967,20.686401,39624.258,272.2397,1014.49786,1.3121837,61.10835,0.1849731,0.53408015
46.83297,20.760532,39664.016,272.27597,1014.3886,1.302821,61.123398,0.18656482,0.53101957
46.779957,20.834486,39703.52,272.31326,1014.2801,1.2935885,61.141685,0.18813403,0.52796906
46.72695,20.90822,39742.746,272.35153,1014.17236,1.2844857,61.163258,0.18968232,0.524929
46.673973,20.9817,39781.66,272.39072,1014.0655,1.2755126,61.188152,0.19121118,0.5219001
46.62105,21.054886,39820.242,272.43082,1013.9596,1.2666701,61.216408,0.19272177,0.51888317
46.568203,21.127743,39858.465,272.4718,1013.8546,1.2579569,61.24806,0.19421585,0.5158789
46.515457,21.200226,39896.305,272.51364,1013.7508,1.249374,61.283134,0.19569443,0.5128883
46.462833,21.272306,39933.73,272.55634,1013.648,1.2409221,61.32167,0.19715856,0.50991213
46.41036,21.343946,39970.723,272.59985,1013.54645,1.2326018,61.363693,0.1986093,0.50695145
46.358055,21.415112,40007.258,272.64413,1013.4461,1.2244126,61.409233,0.20004754,0.50400734
46.305943,21.485764,40043.305,272.68918,1013.34705,1.2163562,61.458317,0.20147417,0.50108093
46.254044,21.555876,40078.848,272.73492,1013.2493,1.2084328,61.510963,0.20288996,0.49817315
46.202385,21.625412,40113.855,272.7814,1013.153,1.2006441,61.567192,0.20429547,0.49528542
46.15099,21.694344,40148.31,272.82855,1013.0581,1.1929907,61.62702,0.20569138,0.4924188
46.099873,21.76264,40182.184,272.8763,1012.9647,1.1854726,61.690468,0.20707802,0.48957446
46.04906,21.830275,40215.46,272.9247,1012.8728,1.1780919,61.757553,0.208456,0.48675367
45.99857,21.897219,40248.117,272.9737,1012.7825,1.1708494,61.828274,0.20982544,0.48395762
45.94842,21.963451,40280.133,273.02322,1012.6938,1.1637458,61.902653,0.21118654,0.4811876
45.898636,22.028944,40311.492,273.07327,1012.6067,1.1567811,61.980682,0.21253963,0.4784449
45.849236,22.093678,40342.176,273.1238,1012.52124,1.1499573,62.06238,0.21388473,0.47573063
45.800232,22.15763,40372.164,273.1748,1012.4375,1.1432747,62.14774,0.21522169,0.47304615
45.751644,22.220785,40401.445,273.22626,1012.35547,1.1367337,62.23676,0.21655063,0.4703926
45.70349,22.283121,40429.996,273.2781,1012.2752,1.130335,62.329433,0.21787156,0.46777105
45.655785,22.344625,40457.812,273.33032,1012.19666,1.1240786,62.425755,0.21918403,0.46518275
45.608543,22.405285,40484.875,273.3829,1012.11993,1.1179656,62.525723,0.22048803,0.46262866
45.56178,22.465082,40511.18,273.4358,1012.045,1.1119965,62.629314,0.22178324,0.46011
45.515507,22.524008,40536.707,273.48898,1011.9718,1.1061705,62.73652,0.22306924,0.45762792
45.469734,22.582056,40561.453,273.54245,1011.90045,1.1004878,62.84732,0.22434594,0.4551833
45.42448,22.639215,40585.406,273.59616,1011.83093,1.0949484,62.9617,0.22561283,0.45277727
45.37975,22.695478,40608.562,273.65005,1011.7632,1.089552,63.079636,0.2268696,0.45041052
45.335556,22.750843,40630.914,273.70416,1011.69727,1.0842987,63.201096,0.22811554,0.4480841
45.291904,22.805304,40652.46,273.75842,1011.6332,1.079188,63.326057,0.22935031,0.44579875
45.248806,22.85886,40673.188,273.81284,1011.5709,1.0742177,63.454487,0.23057361,0.44355544
45.206264,22.911509,40693.1,273.86737,1011.51044,1.0693885,63.586353,0.2317848,0.44135463
45.16429,22.96325,40712.19,273.922,1011.4518,1.0646988,63.72162,0.2329834,0.43919718
45.12289,23.014084,40730.465,273.97668,1011.39496,1.0601481,63.86025,0.23416899,0.43708363
45.082066,23.064018,40747.914,274.03143,1011.33984,1.0557348,64.002205,0.23534112,0.4350146
45.041817,23.113054,40764.547,274.08618,1011.28656,1.0514575,64.147446,0.23649918,0.43299052
45.002155,23.161194,40780.36,274.141,1011.235,1.047315,64.29592,0.23764251,0.4310119
44.96308,23.208445,40795.35,274.19577,1011.1852,1.0433048,64.447586,0.23877068,0.42907903
44.924595,23.254814,40809.535,274.25052,1011.1371,1.0394264,64.60239,0.2398832,0.42719248
44.886696,23.30031,40822.902,274.3052,1011.0907,1.035678,64.76028,0.24097966,0.42535236
44.849384,23.344938,40835.465,274.35986,1011.04596,1.0320574,64.9212,0.24205951,0.423559
44.812664,23.38871,40847.223,274.41443,1011.0029,1.0285624,65.085106,0.24312238,0.42181247
44.776535,23.431633,40858.188,274.4689,1010.96155,1.0251919,65.25192,0.24416782,0.42011312
44.74099,23.473719,40868.355,274.5233,1010.92175,1.0219427,65.421616,0.24519525,0.41846088
44.70603,23.51498,40877.74,274.5775,1010.8836,1.018813,65.59409,0.24620439,0.4168558
44.671654,23.555424,40886.344,274.63165,1010.847,1.0158011,65.76932,0.24719481,0.41529793
44.637856,23.595066,40894.176,274.6856,1010.81195,1.0129048,65.947205,0.24816625,0.41378713
44.604637,23.633917,40901.246,274.7394,1010.77844,1.0101205,66.1277,0.24911831,0.41232342
44.571987,23.671988,40907.555,274.79303,1010.7464,1.0074469,66.31074,0.25005037,0.4109066
44.539906,23.709293,40913.113,274.84647,1010.7158,1.004881,66.49624,0.25096256,0.40953654
44.50839,23.745846,40917.934,274.89972,1010.6867,1.002421,66.684135,0.25185454,0.40821302
44.47743,23.781662,40922.016,274.95276,1010.659,1.0000647,66.87436,0.2527259,0.40693587
44.44702,23.81675,40925.37,275.00558,1010.6327,0.9978093,67.06683,0.25357652,0.4057046
44.41716,23.851128,40928.01,275.0582,1010.6078,0.99565184,67.261475,0.2544062,0.40451908
44.38784,23.884806,40929.94,275.1106,1010.58417,0.99359024,67.45822,0.2552148,0.40337878
44.35905,23.9178,40931.168,275.16272,1010.5619,0.9916221,67.65698,0.25600213,0.40228337
44.33079,23.950127,40931.703,275.2146,1010.54083,0.98974526,67.85769,0.256768,0.40123257
44.303055,23.981798,40931.555,275.26624,1010.5211,0.9879569,68.06026,0.2575124,0.40022585
44.27583,24.012825,40930.73,275.3176,1010.50256,0.9862553,68.26462,0.2582351,0.3992628
44.249107,24.043226,40929.24,275.3687,1010.4852,0.9846374,68.47067,0.2589361,0.39834288
44.22289,24.073011,40927.09,275.41953,1010.46906,0.98310125,68.678345,0.25961554,0.3974656
44.19716,24.1022,40924.285,275.47006,1010.45404,0.9816452,68.88756,0.26027328,0.3966304
44.17191,24.130798,40920.844,275.52032,1010.4401,0.98026574,69.09823,0.26090944,0.39583674
44.147137,24.158829,40916.76,275.57025,1010.4273,0.9789616,69.310265,0.26152408,0.39508414
44.122833,24.186298,40912.055,275.61993,1010.4155,0.97772944,69.52359,0.26211715,0.39437208
44.098988,24.213223,40906.727,275.66928,1010.40485,0.9765688,69.73811,0.2626887,0.39369982
44.075596,24.239614,40900.79,275.71832,1010.39514,0.97547686,69.95376,0.26323885,0.39306682
44.052643,24.26549,40894.246,275.76703,1010.38635,0.9744514,70.17043,0.2637676,0.39247248
44.030125,24.290857,40887.105,275.81546,1010.3786,0.9734911,70.388054,0.2642753,0.39191604
44.008034,24.315733,40879.375,275.86353,1010.37177,0.9725934,70.606544,0.2647621,0.39139694
43.986362,24.340124,40871.062,275.9113,1010.3658,0.97175753,70.82581,0.2652281,0.39091456
43.9651,24.36405,40862.17,275.9587,1010.3607,0.9709805,71.04578,0.2656734,0.39046815
43.944237,24.387522,40852.715,276.0058,1010.35645,0.9702617,71.26635,0.26609838,0.39005718
43.923767,24.410547,40842.69,276.05252,1010.3531,0.96959865,71.48745,0.26650304,0.38968086
43.903683,24.433142,40832.113,276.0989,1010.35046,0.9689895,71.70899,0.26688778,0.3893385
43.883976,24.455313,40820.984,276.14496,1010.34863,0.9684335,71.93089,0.26725274,0.38902947
43.864635,24.477077,40809.312,276.19064,1010.3476,0.967929,72.15307,0.2675982,0.38875315
43.845657,24.498442,40797.1,276.236,1010.3472,0.9674746,72.375435,0.2679245,0.38850877
43.827026,24.51942,40784.36,276.28094,1010.3476,0.9670688,72.59791,0.2682318,0.38829556
43.808743,24.540022,40771.086,276.32556,1010.34863,0.9667107,72.82042,0.26852036,0.3881129
43.7908,24.560255,40757.297,276.3698,1010.3503,0.96639836,73.04288,0.26879066,0.3879602
43.77318,24.580133,40742.99,276.41367,1010.3526,0.9661318,73.26521,0.2690429,0.38783658
43.75588,24.599667,40728.168,276.45715,1010.3556,0.96590865,73.48734,0.26927745,0.38774145
43.73889,24.61886,40712.844,276.50024,1010.3591,0.96572864,73.70918,0.26949447,0.38767406
43.72221,24.63773,40697.02,276.54297,1010.36316,0.9655901,73.930664,0.2696945,0.38763368
43.705826,24.65628,40680.7,276.5853,1010.3678,0.9654926,74.15172,0.26987785,0.38761973
43.68973,24.674522,40663.887,276.62723,1010.373,0.96543515,74.37225,0.27004474,0.3876315
43.673916,24.692467,40646.582,276.66876,1010.37866,0.96541655,74.59222,0.27019554,0.38766816
43.65838,24.71012,40628.8,276.7099,1010.38477,0.9654366,74.81154,0.2703308,0.38772923
43.64311,24.72749,40610.54,276.75064,1010.39136,0.9654938,75.03013,0.27045065,0.38781402
43.6281,24.744585,40591.81,276.791,1010.39844,0.96558774,75.24795,0.27055562,0.38792154
43.613346,24.761415,40572.6,276.8309,1010.4059,0.9657177,75.464905,0.27064592,0.3880514
43.598835,24.777988,40552.934,276.8704,1010.41376,0.96588266,75.680954,0.27072215,0.38820285
43.584568,24.794312,40532.805,276.9095,1010.42206,0.96608293,75.89602,0.27078438,0.38837513
43.570534,24.810389,40512.21,276.94815,1010.43066,0.9663168,76.11006,0.2708332,0.38856772
43.55673,24.826233,40491.168,276.9864,1010.43964,0.9665841,76.323006,0.27086896,0.38877973
43.54314,24.841846,40469.67,277.0242,1010.4489,0.96688473,76.5348,0.27089196,0.38901073
43.52977,24.85724,40447.73,277.06155,1010.4585,0.96721756,76.745384,0.27090257,0.38925996
43.516605,24.87242,40425.344,277.0985,1010.4684,0.9675833,76.95472,0.27090138,0.3895269
43.503643,24.88739,40402.516,277.135,1010.4786,0.96798,77.16274,0.2708887,0.3898108
43.49088,24.902157,40379.25,277.17105,1010.489,0.96840775,77.369415,0.27086484,0.390111
43.478306,24.91673,40355.55,277.20667,1010.4997,0.96886694,77.57468,0.27083015,0.39042696
43.465916,24.931116,40331.42,277.24182,1010.5106,0.96935594,77.7785,0.27078515,0.3907581
43.453705,24.945318,40306.867,277.27652,1010.5217,0.969875,77.980835,0.27072996,0.39110377
43.441666,24.959341,40281.883,277.31076,1010.533,0.97042406,78.18164,0.27066505,0.39146343
43.4298,24.973192,40256.48,277.34454,1010.5445,0.9710027,78.38089,0.27059102,0.39183637
43.418095,24.986877,40230.656,277.37787,1010.55615,0.9716102,78.57853,0.27050805,0.39222217
43.406548,25.0004,40204.414,277.41074,1010.568,0.9722465,78.774536,0.27041656,0.39262015
43.395153,25.01377,40177.76,277.4431,1010.5799,0.97291076,78.96889,0.2703169,0.3930298
43.383907,25.026987,40150.7,277.47504,1010.592,0.9736036,79.16155,0.27020937,0.39345053
43.372803,25.04006,40123.23,277.50647,1010.6042,0.97432435,79.3525,0.27009434,0.39388177
43.36184,25.05299,40095.35,277.53745,1010.61646,0.975073,79.54171,0.26997232,0.39432308
43.351013,25.065784,40067.07,277.56793,1010.62885,0.9758488,79.729164,0.26984346,0.3947739
43.340313,25.07845,40038.39,277.59793,1010.6413,0.97665155,79.91483,0.26970822,0.39523366
43.32974,25.090984,40009.31,277.62744,1010.6538,0.97748125,80.0987,0.26956683,0.39570194
43.319286,25.103397,39979.832,277.6565,1010.6663,0.97833717,80.280754,0.26941985,0.39617807
43.30895,25.11569,39949.96,277.68503,1010.67896,0.9792203,80.46099,0.26926732,0.3966617
43.29873,25.127869,39919.703,277.71307,1010.6915,0.9801291,80.63939,0.26910973,0.39715233
43.288616,25.139938,39889.05,277.74063,1010.7042,0.9810642,80.81594,0.2689473,0.39764956
43.278606,25.1519,39858.016,277.7677,1010.71686,0.982025,80.99065,0.2687804,0.3981529
43.2687,25.163757,39826.59,277.79428,1010.7295,0.9830111,81.1635,0.26860934,0.39866197
43.258892,25.175516,39794.78,277.82034,1010.7421,0.98402226,81.33448,0.26843446,0.39917627
43.24918,25.187178,39762.59,277.84592,1010.75476,0.9850589,81.50361,0.268256,0.3996954
43.23956,25.198748,39730.02,277.871,1010.76733,0.9861201,81.67088,0.2680742,0.40021896
43.230026,25.21023,39697.066,277.89557,1010.7799,0.9872061,81.836296,0.26788944,0.40074658
43.220577,25.221626,39663.742,277.91965,1010.7924,0.98831666,81.99986,0.26770186,0.40127775
43.21121,25.232939,39630.04,277.9432,1010.8049,0.98945105,82.16158,0.26751167,0.40181217
43.20192,25.244171,39595.96,277.96628,1010.81726,0.9906093,82.321465,0.26731926,0.40234962
43.192707,25.255327,39561.51,277.98883,1010.8296,0.99179137,82.479515,0.26712483,0.40288958
43.183563,25.266413,39526.69,278.0109,1010.8418,0.9929968,82.63575,0.26692873,0.40343177
43.17449,25.277424,39491.5,278.03247,1010.85394,0.9942254,82.790184,0.26673102,0.40397596
43.16549,25.288368,39455.94,278.0535,1010.866,0.9954771,82.94282,0.266532,0.40452158
43.156548,25.299248,39420.016,278.07407,1010.87805,0.99675095,83.09368,0.26633185,0.40506846
43.14767,25.310064,39383.72,278.0941,1010.8899,0.99804723,83.24278,0.26613086,0.40561628
43.13885,25.320822,39347.055,278.11362,1010.9017,0.99936616,83.39014,0.2659291,0.40616488
43.13009,25.331522,39310.027,278.13266,1010.9133,1.000707,83.53577,0.26572686,0.4067139
43.12138,25.342167,39272.637,278.15118,1010.92487,1.0020694,83.67969,0.26552433,0.4072631
43.112724,25.352758,39234.88,278.16922,1010.9363,1.0034534,83.82192,0.2653216,0.40781233
43.10412,25.3633,39196.754,278.18674,1010.9476,1.0048586,83.962494,0.26511902,0.40836102
43.095562,25.373795,39158.27,278.20377,1010.95874,1.0062848,84.10142,0.26491666,0.40890926
43.087048,25.384243,39119.42,278.2203,1010.9697,1.007732,84.23872,0.2647146,0.40945673
43.07858,25.394646,39080.21,278.23633,1010.9806,1.009199,84.37443,0.26451302,0.41000322
43.070152,25.405008,39040.637,278.25186,1010.99133,1.0106865,84.50857,0.26431215,0.41054848
43.061764,25.415333,39000.707,278.26688,1011.00195,1.0121943,84.64115,0.264112,0.4110924
43.053413,25.425617,38960.406,278.28143,1011.0123,1.0137213,84.77222,0.26391286,0.41163456
43.045097,25.435867,38919.746,278.29547,1011.02264,1.0152682,84.90179,0.26371467,0.4121751
43.03682,25.446083,38878.723,278.30902,1011.0328,1.0168339,85.029884,0.2635178,0.41271368
43.028572,25.456266,38837.336,278.32208,1011.0427,1.0184189,85.15653,0.26332211,0.41325015
43.020355,25.466421,38795.59,278.33466,1011.0525,1.0200223,85.28178,0.26312768,0.4137845
43.012165,25.476545,38753.477,278.34674,1011.06213,1.0216442,85.405624,0.2629348,0.41431642
43.004005,25.486643,38711.0,278.35837,1011.0716,1.0232838,85.52811,0.26274347,0.41484585
42.995872,25.496717,38668.16,278.36948,1011.0809,1.0249418,85.649254,0.26255363,0.41537264
42.987762,25.506765,38624.953,278.38013,1011.09,1.0266176,85.7691,0.26236552,0.4158967
42.979675,25.516794,38581.375,278.39032,1011.09894,1.0283107,85.88766,0.2621792,0.4164179
42.97161,25.526802,38537.438,278.4,1011.1077,1.0300211,86.00497,0.26199478,0.4169361
42.96357,25.53679,38493.13,278.40924,1011.1163,1.0317487,86.12104,0.2618122,0.41745144
42.955544,25.546759,38448.45,278.418,1011.1247,1.0334929,86.23592,0.26163155,0.41796356
42.947536,25.556713,38403.402,278.4263,1011.13293,1.0352534,86.34964,0.26145297,0.41847244
42.93955,25.566654,38357.98,278.43414,1011.1409,1.0370301,86.46221,0.26127648,0.41897804
42.931572,25.57658,38312.188,278.4415,1011.1488,1.0388235,86.57366,0.26110196,0.4194803
42.923615,25.586493,38266.016,278.44843,1011.1565,1.0406326,86.68403,0.26092952,0.419979
42.915665,25.596395,38219.473,278.4549,1011.16394,1.0424577,86.79333,0.2607593,0.42047423
42.90773,25.606289,38172.55,278.4609,1011.17126,1.0442978,86.90159,0.26059133,0.42096585
42.899807,25.616175,38125.25,278.46646,1011.17834,1.0461537,87.00884,0.26042533,0.42145386
42.891895,25.626055,38077.57,278.4716,1011.1853,1.0480243,87.115105,0.2602617,0.42193833
42.883987,25.635927,38029.508,278.4763,1011.192,1.04991,87.22041,0.2601003,0.42241907
42.87609,25.645796,37981.06,278.48053,1011.19855,1.0518104,87.324776,0.2599411,0.42289612
42.868202,25.65566,37932.223,278.48434,1011.2049,1.0537246,87.42824,0.25978416,0.42336926
42.860317,25.665524,37883.0,278.48773,1011.21106,1.0556537,87.53081,0.25962943,0.42383868
42.85244,25.675385,37833.383,278.4907,1011.21704,1.0575968,87.632515,0.25947684,0.4243043
42.844566,25.685246,37783.375,278.49323,1011.2228,1.0595537,87.73338,0.25932664,0.42476615
42.836697,25.695107,37732.973,278.49536,1011.2284,1.0615245,87.83343,0.25917864,0.42522404
42.828827,25.704971,37682.17,278.49707,1011.23376,1.0635091,87.93267,0.2590328,0.42567804
42.82096,25.714836,37630.973,278.49838,1011.23895,1.0655073,88.03114,0.25888908,0.42612812
42.8131,25.724709,37579.37,278.49927,1011.24396,1.0675188,88.12886,0.25874758,0.4265743
42.805233,25.734585,37527.36,278.49976,1011.2488,1.0695437,88.22584,0.25860816,0.42701647
42.797367,25.744467,37474.94,278.49985,1011.2534,1.071581,88.322105,0.2584709,0.42745474
42.7895,25.754354,37422.113,278.49957,1011.2579,1.0736316,88.41768,0.25833577,0.42788926
42.781635,25.76425,37368.875,278.49887,1011.2621,1.0756952,88.512566,0.25820267,0.42831966
42.773766,25.774157,37315.215,278.4978,1011.2661,1.0777715,88.6068,0.2580716,0.42874613
42.765896,25.78407,37261.137,278.49637,1011.27,1.0798601,88.700386,0.2579425,0.4291686
42.75802,25.793995,37206.637,278.49454,1011.2737,1.0819613,88.79334,0.25781542,0.42958713
42.750137,25.80393,37151.71,278.49234,1011.27716,1.0840749,88.885704,0.2576902,0.43000168
42.742252,25.813879,37096.355,278.48978,1011.2804,1.0862011,88.977455,0.25756675,0.4304124
42.734364,25.82384,37040.57,278.48685,1011.2835,1.0883387,89.068634,0.25744528,0.4308191
42.726467,25.833813,36984.348,278.48358,1011.28644,1.0904886,89.15924,0.2573256,0.43122178
42.718567,25.843803,36927.684,278.47995,1011.2891,1.0926505,89.24929,0.2572075,0.43162063
42.71066,25.853807,36870.574,278.47595,1011.2916,1.0948244,89.338806,0.2570911,0.43201545
42.70274,25.863829,36813.023,278.47165,1011.294,1.09701,89.42779,0.2569765,0.43240637
42.694817,25.873867,36755.02,278.46698,1011.29614,1.099207,89.51626,0.25686342,0.43279332
42.686886,25.883923,36696.56,278.462,1011.2981,1.1014162,89.604225,0.2567519,0.43317634
42.678944,25.893997,36637.645,278.4567,1011.29987,1.1036366,89.69169,0.2566418,0.4335554
42.670994,25.90409,36578.266,278.45105,1011.30145,1.1058689,89.77866,0.25653303,0.43393052
42.663033,25.914204,36518.42,278.4451,1011.30286,1.1081125,89.865166,0.25642556,0.4343016
42.655064,25.924337,36458.105,278.4388,1011.3041,1.1103679,89.951195,0.2563194,0.43466896
42.647083,25.934494,36397.316,278.43225,1011.30505,1.1126345,90.036766,0.25621456,0.4350323
42.63909,25.944672,36336.047,278.42535,1011.3059,1.1149126,90.12188,0.25611085,0.4353917
42.631092,25.954872,36274.29,278.41818,1011.3066,1.1172022,90.20655,0.25600815,0.43574712
42.623077,25.965096,36212.047,278.41074,1011.30707,1.1195024,90.29077,0.2559064,0.43609864
42.61505,25.975346,36149.31,278.40298,1011.3073,1.1218144,90.374565,0.25580567,0.43644622
42.607014,25.985619,36086.074,278.39496,1011.30743,1.1241375,90.45792,0.25570577,0.43678987
42.598965,25.995916,36022.336,278.38666,1011.3074,1.1264719,90.54084,0.25560665,0.43712962
42.590904,26.00624,35958.086,278.3781,1011.3071,1.1288174,90.623344,0.25550824,0.4374654
42.58283,26.016594,35893.324,278.3693,1011.30664,1.131174,90.70542,0.25541055,0.43779722
42.57474,26.026974,35828.047,278.3602,1011.306,1.1335417,90.78709,0.25531334,0.43812513
42.56664,26.03738,35762.242,278.35086,1011.30524,1.1359209,90.86833,0.2552166,0.43844903
42.55852,26.04782,35695.902,278.3413,1011.30426,1.1383115,90.94915,0.25512022,0.4387688
42.550392,26.058285,35629.03,278.33148,1011.3031,1.1407126,91.02956,0.2550243,0.43908447
42.542248,26.06878,35561.617,278.32144,1011.30176,1.1431252,91.10955,0.25492847,0.4393962
42.534092,26.07931,35493.652,278.3112,1011.30023,1.1455492,91.189125,0.25483286,0.43970397
42.525917,26.089869,35425.137,278.3007,1011.2986,1.1479841,91.26828,0.2547372,0.44000763
42.51773,26.10046,35356.06,278.28998,1011.2967,1.1504303,91.347015,0.2546416,0.44030714
42.509525,26.111084,35286.41,278.27908,1011.2946,1.152888,91.42533,0.2545458,0.44060254
42.50131,26.12174,35216.195,278.26797,1011.2924,1.1553565,91.50323,0.25444984,0.44089383
42.493076,26.132433,35145.39,278.25668,1011.29004,1.1578366,91.580696,0.25435358,0.44118097
42.484825,26.14316,35074.0,278.24518,1011.2874,1.1603276,91.65773,0.25425684,0.44146398
42.476562,26.153921,35002.016,278.23352,1011.28467,1.16283,91.73433,0.2541595,0.44174272
42.46828,26.164719,34929.426,278.22168,1011.28174,1.1653441,91.81049,0.25406164,0.4420172
42.459984,26.175554,34856.227,278.20966,1011.2787,1.1678694,91.88621,0.25396317,0.4422874
42.45167,26.186426,34782.41,278.1975,1011.2754,1.1704062,91.96148,0.25386375,0.4425532
42.44334,26.197336,34707.965,278.18518,1011.272,1.1729544,92.036285,0.25376338,0.44281468
42.434998,26.208282,34632.883,278.17273,1011.2683,1.1755143,92.110634,0.25366193,0.44307166
42.426636,26.219273,34557.156,278.16013,1011.2645,1.1780854,92.18452,0.25355935,0.44332427
42.418255,26.2303,34480.777,278.14737,1011.26056,1.1806682,92.25792,0.25345552,0.44357228
42.40986,26.241367,34403.734,278.13452,1011.2565,1.1832627,92.33083,0.2533502,0.44381565
42.401447,26.252478,34326.016,278.12155,1011.25214,1.1858693,92.40326,0.2532434,0.44405442
42.393017,26.263628,34247.62,278.10846,1011.2477,1.1884872,92.47518,0.2531349,0.44428852
42.38457,26.274822,34168.53,278.09528,1011.24304,1.1911169,92.5466,0.25302482,0.44451788
42.37611,26.28606,34088.734,278.082,1011.2382,1.1937586,92.61749,0.25291276,0.44474235
42.367626,26.29734,34008.23,278.06863,1011.2332,1.1964122,92.68786,0.25279868,0.44496202
42.35913,26.30867,33926.996,278.0552,1011.228,1.1990777,92.75768,0.2526825,0.4451767
42.350613,26.320042,33845.03,278.0417,1011.2227,1.2017556,92.82696,0.25256395,0.44538632
42.34208,26.33146,33762.312,278.0281,1011.2172,1.2044455,92.89567,0.25244308,0.44559088
42.33353,26.342926,33678.836,278.0145,1011.21155,1.2071477,92.96381,0.25231963,0.44579032
42.324963,26.354439,33594.586,278.00082,1011.20575,1.2098619,93.03136,0.25219333,0.44598448
42.316376,26.366001,33509.55,277.9871,1011.1997,1.2125887,93.09831,0.25206417,0.44617328
42.30777,26.377615,33423.71,277.97336,1011.19354,1.2153274,93.16466,0.25193202,0.44635662
42.29915,26.389277,33337.06,277.9596,1011.1872,1.2180787,93.23038,0.2517966,0.44653445
42.29051,26.40099,33249.582,277.94583,1011.18066,1.220843,93.295456,0.2516579,0.44670677
42.28185,26.412756,33161.258,277.93204,1011.174,1.2236198,93.35989,0.2515155,0.4468734
42.273174,26.424574,33072.074,277.91827,1011.1672,1.22641,93.42365,0.25136954,0.44703412
42.264477,26.436447,32982.016,277.9045,1011.16016,1.2292129,93.48673,0.25121963,0.447189
42.255764,26.448374,32891.07,277.89078,1011.15295,1.2320288,93.54912,0.25106567,0.44733787
42.247032,26.460358,32799.21,277.87708,1011.14557,1.2348574,93.610794,0.25090754,0.44748047
42.23828,26.472397,32706.43,277.86343,1011.13806,1.2377003,93.67174,0.25074494,0.44761685
42.22951,26.484493,32612.701,277.84982,1011.1303,1.2405561,93.73193,0.25057763,0.44774693
42.220722,26.49665,32518.01,277.83627,1011.12244,1.2434257,93.791374,0.25040543,0.44787046
42.211914,26.508867,32422.334,277.8228,1011.11444,1.2463089,93.85003,0.25022835,0.44798735
42.203087,26.521143,32325.656,277.80942,1011.1062,1.249206,93.90789,0.250046,0.44809738
42.19424,26.53348,32227.953,277.7961,1011.0978,1.2521166,93.964935,0.24985813,0.44820058
42.185375,26.545883,32129.207,277.7829,1011.08923,1.2550417,94.02113,0.24966462,0.44829676
42.17649,26.558348,32029.393,277.7698,1011.0805,1.2579814,94.076485,0.24946512,0.44838566
42.167583,26.570883,31928.484,277.75687,1011.0716,1.2609347,94.13097,0.24925949,0.44846725
42.158657,26.583483,31826.465,277.74402,1011.0625,1.2639028,94.18455,0.2490473,0.44854128
42.14971,26.596153,31723.303,277.73132,1011.0532,1.2668859,94.23721,0.24882849,0.4486076
42.140747,26.60889,31618.975,277.7188,1011.04376,1.269884,94.28895,0.24860285,0.44866604
42.13176,26.621698,31513.455,277.70642,1011.0341,1.2728969,94.339714,0.24836992,0.4487165
42.12275,26.63458,31406.717,277.69424,1011.02435,1.2759255,94.389496,0.24812953,0.44875866
42.113724,26.647537,31298.729,277.68225,1011.01434,1.2789692,94.43828,0.24788122,0.4487923
42.10467,26.660568,31189.463,277.67044,1011.0042,1.2820293,94.48602,0.24762492,0.44881743
42.095604,26.673677,31078.89,277.65884,1010.99384,1.2851046,94.53272,0.24736018,0.44883358
42.08651,26.686865,30966.977,277.6475,1010.98334,1.2881964,94.57834,0.24708678,0.44884068
42.077396,26.700132,30853.69,277.63638,1010.9726,1.2913047,94.62284,0.24680446,0.44883853
42.06826,26.71348,30738.998,277.62552,1010.9617,1.2944294,94.666214,0.24651264,0.4488269
42.0591,26.726915,30622.865,277.6149,1010.95056,1.2975711,94.70843,0.24621107,0.44880548
42.04992,26.740435,30505.256,277.60458,1010.9393,1.3007301,94.74945,0.24589948,0.44877416
42.040718,26.754042,30386.13,277.59454,1010.9278,1.3039061,94.78925,0.24557747,0.44873247
42.03149,26.76774,30265.457,277.5848,1010.91614,1.3071002,94.8278,0.2452447,0.4486803
42.02224,26.78153,30143.188,277.5754,1010.90424,1.3103119,94.865074,0.24490063,0.4486173
42.012966,26.795412,30019.285,277.56635,1010.89215,1.313542,94.90103,0.24454506,0.4485432
42.00367,26.809391,29893.709,277.55765,1010.8799,1.3167909,94.93565,0.24417745,0.44845778
41.99435,26.823465,29766.412,277.5493,1010.8674,1.3200587,94.96889,0.24379738,0.44836062
41.985004,26.837643,29637.352,277.54132,1010.8547,1.3233455,95.000694,0.24340431,0.44825143
41.975636,26.851921,29506.479,277.53378,1010.8418,1.3266519,95.03106,0.24299799,0.44812986
41.966244,26.866304,29373.744,277.5266,1010.8287,1.3299779,95.05993,0.24257787,0.44799572
41.95682,26.880796,29239.1,277.5199,1010.8153,1.3333238,95.087265,0.24214335,0.44784832
41.94738,26.895397,29102.496,277.51364,1010.80176,1.3366903,95.11303,0.24169405,0.4476875
41.937912,26.91011,28963.873,277.50787,1010.78796,1.3400778,95.13719,0.24122931,0.44751275
41.928417,26.924936,28823.184,277.50256,1010.774,1.3434871,95.15969,0.2407486,0.44732392
41.9189,26.939882,28680.37,277.49777,1010.7597,1.3469175,95.18049,0.2402515,0.44712052
41.909355,26.954945,28535.365,277.4935,1010.74524,1.3503703,95.19953,0.23973738,0.44690195
41.899784,26.970133,28388.121,277.4898,1010.7305,1.3538457,95.21679,0.23920558,0.44666785
41.890186,26.985449,28238.57,277.48666,1010.7155,1.3573438,95.23219,0.23865558,0.44641766
41.880566,27.000889,28086.648,277.4841,1010.7003,1.360865,95.245705,0.23808666,0.44615096
41.870922,27.016462,27932.295,277.48218,1010.6848,1.3644103,95.25727,0.23749824,0.44586733
41.861248,27.03217,27775.438,277.48087,1010.6691,1.3679799,95.26684,0.23688959,0.4455662
41.85155,27.048014,27616.01,277.48022,1010.6531,1.371574,95.27434,0.2362601,0.44524693
41.841827,27.063997,27453.941,277.4803,1010.63684,1.3751932,95.27971,0.23560889,0.44490892
41.83208,27.080126,27289.156,277.48105,1010.6203,1.3788384,95.2829,0.23493539,0.4445517
41.822308,27.0964,27121.588,277.48254,1010.60345,1.3825096,95.28385,0.23423882,0.44417477
41.81251,27.112823,26951.154,277.4848,1010.5863,1.3862075,95.282486,0.23351835,0.44377735
41.802692,27.1294,26777.777,277.48785,1010.5689,1.3899328,95.27875,0.23277317,0.44335878
41.79285,27.146132,26601.379,277.4917,1010.55115,1.3936855,95.27255,0.23200233,0.44291842
41.782986,27.163023,26421.88,277.49643,1010.5331,1.3974661,95.26384,0.2312053,0.44245544
41.773098,27.180077,26239.197,277.502,1010.5148,1.4012762,95.252525,0.230381,0.4419692
41.76319,27.197294,26053.242,277.50854,1010.4961,1.405115,95.23853,0.22952847,0.44145894
41.753265,27.21468,25863.936,277.516,1010.47705,1.4089841,95.22179,0.2286468,0.440924
41.743324,27.232235,25671.188,277.52438,1010.4577,1.4128834,95.2022,0.22773515,0.44036326
41.733364,27.249964,25474.91,277.5338,1010.4379,1.416814,95.1797,0.22679268,0.439776
41.72339,27.26787,25275.018,277.54428,1010.41785,1.420776,95.15419,0.22581808,0.4391613
41.7134,27.285954,25071.416,277.55582,1010.3974,1.4247707,95.12557,0.22481064,0.43851838
41.703403,27.304222,24864.023,277.56848,1010.3766,1.4287981,95.093765,0.22376908,0.43784618
41.693398,27.322674,24652.746,277.58228,1010.35535,1.4328588,95.05867,0.22269268,0.4371438
41.683384,27.341312,24437.49,277.59726,1010.33374,1.4369539,95.02018,0.2215801,0.43641025
41.673367,27.360136,24218.172,277.61346,1010.3117,1.4410831,94.9782,0.22043042,0.43564448
41.663353,27.379154,23994.703,277.63095,1010.28925,1.4452478,94.93264,0.21924259,0.43484545
41.65334,27.398361,23766.992,277.64972,1010.26636,1.4494485,94.88338,0.21801548,0.43401214
41.643333,27.417763,23534.959,277.66983,1010.243,1.4536856,94.83032,0.21674804,0.4331434
41.633335,27.437359,23298.521,277.69135,1010.2192,1.45796,94.77335,0.21543916,0.4322381
41.623356,27.457148,23057.59,277.71426,1010.1949,1.4622723,94.712364,0.21408774,0.43129504
41.613396,27.477133,22812.096,277.73865,1010.1701,1.4666225,94.64724,0.21269281,0.43031302
41.60346,27.497313,22561.959,277.76453,1010.14484,1.4710118,94.57787,0.21125315,0.42929092
41.593555,27.517687,22307.12,277.79196,1010.1191,1.4754413,94.50415,0.20976798,0.42822737
41.583687,27.538252,22047.51,277.82098,1010.0928,1.4799105,94.42597,0.20823617,0.42712137
41.573864,27.559013,21783.07,277.85162,1010.0659,1.4844211,94.3432,0.20665659,0.4259715
41.564087,27.57996,21513.758,277.88394,1010.0385,1.488973,94.25574,0.2050284,0.4247765
41.554367,27.601091,21239.523,277.91794,1010.0105,1.4935671,94.16346,0.20335077,0.42353505
41.544716,27.622406,20960.338,277.9537,1009.98193,1.4982034,94.06628,0.20162289,0.42224613
41.535137,27.643898,20676.176,277.99124,1009.95276,1.5028826,93.96407,0.1998439,0.4209083
41.525642,27.665562,20387.033,278.0306,1009.923,1.5076059,93.856735,0.19801311,0.41952035
41.516235,27.687391,20092.902,278.0718,1009.8926,1.512374,93.74418,0.19612987,0.41808096
41.506935,27.70938,19793.8,278.1149,1009.8615,1.5171865,93.62629,0.19419388,0.416589
41.49774,27.73152,19489.754,278.15988,1009.8298,1.5220443,93.50299,0.19220452,0.4150432
41.488674,27.7538,19180.807,278.20682,1009.7973,1.5269476,93.37419,0.19016175,0.41344258
41.479744,27.776215,18867.016,278.2557,1009.7642,1.5318972,93.23982,0.18806519,0.4117858
41.470955,27.798748,18548.459,278.30658,1009.73035,1.5368928,93.099815,0.18591495,0.41007197
41.462326,27.821392,18225.234,278.35944,1009.69574,1.5419353,92.9541,0.18371125,0.40829998
41.45387,27.844131,17897.457,278.4143,1009.6604,1.5470248,92.80264,0.18145438,0.40646896
41.4456,27.866953,17565.264,278.4712,1009.62427,1.5521613,92.64539,0.17914476,0.40457806
41.437523,27.889841,17228.807,278.5301,1009.5874,1.5573455,92.48233,0.17678325,0.4026263
41.429657,27.912779,16888.268,278.591,1009.5497,1.5625769,92.313446,0.17437075,0.40061313
41.422016,27.935747,16543.85,278.6539,1009.5111,1.5678557,92.13873,0.17190833,0.3985379
41.414616,27.958729,16195.773,278.7188,1009.47174,1.573181,91.958206,0.16939737,0.3964002
41.407467,27.981705,15844.285,278.78568,1009.4315,1.5785533,91.77191,0.16683953,0.39419958
41.40058,28.004654,15489.653,278.8545,1009.3904,1.5839719,91.57988,0.16423656,0.39193568
41.39398,28.027555,15132.164,278.92523,1009.3484,1.5894364,91.38218,0.16159038,0.38960844
41.387665,28.050383,14772.139,278.9978,1009.3054,1.5949463,91.178894,0.1589034,0.3872178
41.38166,28.07312,14409.903,279.07224,1009.2616,1.6005002,90.970116,0.15617813,0.38476378
41.37597,28.09574,14045.808,279.14844,1009.2168,1.6060976,90.75597,0.15341742,0.38224655
41.37061,28.118216,13680.232,279.22635,1009.171,1.6117369,90.53657,0.15062426,0.3796665
41.365585,28.140528,13313.553,279.3059,1009.12427,1.6174165,90.312065,0.14780198,0.37702397
41.360912,28.16265,12946.167,279.38705,1009.07654,1.6231352,90.082634,0.14495389,0.3743195
41.356598,28.184557,12578.499,279.46973,1009.0278,1.6288913,89.84843,0.14208366,0.37155375
41.35265,28.206224,12210.962,279.5538,1008.97797,1.6346823,89.60966,0.13919504,0.36872748
41.34907,28.227633,11843.992,279.63925,1008.9272,1.6405059,89.36652,0.13629206,0.36584142
41.34587,28.24875,11478.018,279.72595,1008.8753,1.6463596,89.11923,0.13337897,0.3628966
41.343052,28.269556,11113.481,279.8138,1008.8223,1.6522409,88.86802,0.13045995,0.3598939
41.340614,28.290031,10750.81,279.90274,1008.7683,1.6581465,88.61312,0.12753926,0.35683432
41.338562,28.310152,10390.44,279.99268,1008.7132,1.6640736,88.35477,0.124621525,0.35371897
41.33689,28.329899,10032.796,280.08347,1008.6569,1.6700186,88.093216,0.12171118,0.3505489
41.335598,28.349253,9678.294,280.17508,1008.5996,1.6759773,87.828705,0.118812844,0.3473252
41.334682,28.36819,9327.331,280.26733,1008.5411,1.6819469,87.56149,0.11593075,0.3440492
41.334137,28.3867,8980.304,280.3602,1008.4815,1.6879233,87.291824,0.11306976,0.3407219
41.333954,28.404764,8637.579,280.45358,1008.4207,1.6939017,87.01994,0.110234156,0.3373444
41.33412,28.422369,8299.515,280.54733,1008.35876,1.6998793,86.7461,0.10742842,0.3339179
41.33464,28.439503,7966.4404,280.64142,1008.2957,1.7058505,86.470535,0.10465683,0.3304433
41.335487,28.456152,7638.667,280.73572,1008.23145,1.7118117,86.19347,0.1019236,0.3269218
41.336655,28.472313,7316.491,280.83014,1008.166,1.7177583,85.91512,0.099232644,0.3233544
41.338127,28.487968,7000.171,280.92462,1008.0994,1.7236856,85.635704,0.096588254,0.31974196
41.33989,28.503124,6689.9463,281.01907,1008.0317,1.7295905,85.35542,0.09399392,0.31608546
41.34193,28.517769,6386.038,281.11346,1007.9628,1.7354678,85.074455,0.09145333,0.3123857
41.344227,28.531898,6088.634,281.20767,1007.89276,1.7413133,84.792984,0.08896978,0.30864355
41.346767,28.545517,5797.907,281.30167,1007.82153,1.7471234,84.511154,0.0865466,0.30485967
41.349533,28.558617,5513.9893,281.39536,1007.7492,1.7528938,84.22912,0.08418694,0.3010349
41.3525,28.571205,5237.001,281.4887,1007.6757,1.7586206,83.947,0.08189356,0.2971699
41.35566,28.583282,4967.04,281.5817,1007.6012,1.7643007,83.66491,0.07966888,0.29326537
41.358986,28.59485,4704.1787,281.67426,1007.5255,1.7699293,83.38294,0.07751542,0.28932187
41.362465,28.60592,4448.466,281.76633,1007.4488,1.775504,83.101204,0.075435415,0.28533995
41.366077,28.616491,4199.9365,281.85788,1007.37103,1.7810212,82.81973,0.07343079,0.28132036
41.3698,28.626574,3958.5986,281.94894,1007.2923,1.7864789,82.53859,0.07150321,0.2772635
41.373623,28.636173,3724.4482,282.0394,1007.2125,1.7918733,82.25783,0.069654405,0.27317008
41.377525,28.645306,3497.462,282.1293,1007.1318,1.7972027,81.97745,0.06788559,0.26904044
41.381493,28.65397,3277.6006,282.2186,1007.0501,1.8024648,81.69748,0.06619787,0.2648754
41.3855,28.662188,3064.8154,282.30728,1006.9676,1.8076571,81.41791,0.06459235,0.26067543
41.389545,28.66996,2859.038,282.39532,1006.8842,1.8127784,81.13874,0.06306967,0.25644097
41.393604,28.677303,2660.1904,282.48273,1006.8,1.8178266,80.85993,0.061630398,0.2521727
41.397663,28.68423,2468.1904,282.5695,1006.715,1.822801,80.58146,0.060275003,0.24787119
41.40171,28.69075,2282.9365,282.6556,1006.62933,1.8277003,80.303276,0.059003785,0.24353716
41.40573,28.696878,2104.3232,282.74106,1006.54297,1.8325235,80.02534,0.057816654,0.23917145
41.409714,28.702623,1932.2374,282.82587,1006.456,1.8372701,79.747574,0.056713477,0.23477444
41.413647,28.708,1766.5597,282.91003,1006.3684,1.8419393,79.46991,0.055694,0.23034719
41.417522,28.713024,1607.1652,282.99356,1006.2803,1.8465313,79.19229,0.054757744,0.22589052
41.42133,28.717705,1453.923,283.07645,1006.19165,1.851046,78.91462,0.053904235,0.22140506
41.425056,28.72206,1306.7023,283.15872,1006.1026,1.8554834,78.63682,0.053132772,0.2168917
41.428696,28.726097,1165.3566,283.24036,1006.0132,1.8598441,78.358795,0.052442595,0.21235146
41.432243,28.729832,1029.7472,283.32135,1005.9234,1.8641273,78.08046,0.051832825,0.2077851
41.435684,28.73328,899.73737,283.4018,1005.8334,1.8683351,77.80171,0.051302135,0.20319386
41.439022,28.736448,775.1788,283.4816,1005.7431,1.8724672,77.52245,0.050849617,0.19857861
41.44225,28.739355,655.9268,283.56085,1005.65265,1.8765255,77.242584,0.050473854,0.19394049
41.445354,28.742008,541.835,283.63953,1005.56213,1.8805104,76.962006,0.05017358,0.18928057
41.44834,28.744423,432.75494,283.71765,1005.4715,1.8844234,76.68061,0.04994738,0.18459989
41.4512,28.74661,328.53815,283.79526,1005.3808,1.8882655,76.3983,0.049793765,0.17989992
41.453934,28.74858,229.04793,283.8723,1005.29016,1.8920382,76.11496,0.04971108,0.17518148
41.45653,28.75035,134.12996,283.94885,1005.19965,1.895743,75.83049,0.049697697,0.17044598
41.459003,28.751926,43.63972,284.02487,1005.1092,1.899382,75.54479,0.049751848,0.16569462
